{
  "custom.hello": {
    "sounds": [
      {"name": "custom/hello"}
    ],
    "subtitle": "BonziBuddy Hello"
  },
  "block.sand.step": {
    "sounds": [
      {"name": "block/sand/step"}
    ],
    "subtitle": "Sand Step Sound"
  },
  "entity.zombie.ambient": {
    "sounds": [
      {"name": "entity/zombie/zombiebrr"}
    ],
    "subtitle": "Zombie Ambient Sound"
  },
  "entity.witch.ambient": {
    "sounds": [
      {"name": "entity/witch/witch"}
    ],
    "subtitle": "Witch Laugh Sound"
  },
  "entity.villager.ambient": {
    "sounds": [
      {"name": "entity/villager/villager"}
    ],
    "subtitle": "Villager Ambient Sound"
  },
  "entity.pillager.ambient": {
    "sounds": [
      {"name": "entity/pillager/pillager"}
    ],
    "subtitle": "Pillager Ambient Sound"
  },
  "entity.generic.eat": {
    "sounds": [
      {"name": "entity/generic/eatingfood"}
    ],
    "subtitle": "Generic Eat Sound"
  },
  "entity.spider.ambient": {
    "sounds": [
      {"name": "entity/spider/spiderhiss"}
    ],
    "subtitle": "Spider Ambient Sound"
  },
  "entity.enderman.death": {
    "sounds": [
      {"name": "entity/enderman/endermandie"}
    ],
    "subtitle": "Enderman Death Sound"
  },
  "entity.enderman.teleport": {
    "sounds": [
      {"name": "entity/enderman/teleport"}
    ],
    "subtitle": "Enderman Teleport Sound"
  },
  "block.wood.hit": {
    "sounds": [
      {"name": "block/wood/woodbreaking"}
    ],
    "subtitle": "Wood Hit Sound"
  },
  "entity.item.pickup": {
    "sounds": [
      {"name": "entity/item/itemdrop"}
    ],
    "subtitle": "Item Pickup Sound"
  }
}